id,proveedor,pais_origen,descripcion,categoria,fecha_orden,fecha_sira,fecha_arribo,fecha_dua,fecha_pago_proveedor,dias_plazo_pago,monto_usd,flete_seguro_usd,monto_cif_usd,tc_aplicado,monto_ars_equivalente,arancel_pct,arancel_ars,tasa_estadistica_ars,iva_importacion_ars,percepcion_arca_ars,costo_total_ars,estado,banco_pago,unidad_negocio,observaciones
1,Fresenius Kabi AG,Alemania,Soluciones parenterales,medicamentos_generales,2025-01-15,,,,2025-04-15,90,4200000,147000.0,4347000.0,1200.0,5216400000,0.02,104328000,26082000,558676440,156492000,6061978440,en_transito,Citibank N.A.,Medicamentos,
2,Baxter International,EEUU,Bolsas y sistemas IV,dispositivos_medicos,2025-01-20,,,,2025-03-21,60,3800000,133000.0,3933000.0,1200.0,4719600000,0.06,283176000,23598000,525291480,141588000,5693253480,en_transito,Banco BBVA Argentina S.A.,Medicamentos,
3,Roche Diagnostics GmbH,Suiza,Reactivos diagnóstico,medicamentos_esenciales,2025-02-10,,,,2025-05-12,90,2900000,101500.0,3001500.0,1200.0,3601800000,0.0,0,18009000,378189000,108054000,4106052000,en_transito,Citibank N.A.,Medicamentos,
4,Sandoz GmbH,Austria,Genéricos importados,medicamentos_generales,2025-02-15,,,,2025-04-16,60,3500000,122500.0,3622500.0,1200.0,4347000000,0.02,86940000,21735000,465563700,130410000,5051648700,en_transito,Banco BBVA Argentina S.A.,Medicamentos,
5,B. Braun Melsungen,Alemania,Material descartable quirúrgico,dispositivos_medicos,2025-03-05,,,,2025-06-03,90,2100000,73500.0,2173500.0,1200.0,2608200000,0.06,156492000,13041000,290292660,78246000,3146271660,en_transito,Citibank N.A.,Medicamentos,
6,Teva Pharmaceutical,Israel,APIs y genéricos bulk,insumos_farmaceuticos,2025-03-10,,,,2025-06-09,90,4800000,168000.0,4968000.0,1200.0,5961600000,0.02,119232000,29808000,638487360,178848000,6927975360,en_transito,Banco Credicoop Cooperativo Limitado,Medicamentos,
7,Pfizer Inc.,EEUU,Vacunas importadas,medicamentos_esenciales,2025-04-01,,,,2025-06-02,60,8500000,297500.0,8797500.0,1200.0,10557000000,0.0,0,52785000,1108485000,316710000,12034980000,en_transito,Citibank N.A.,Medicamentos,
8,MSD International,Irlanda,Oncológicos importados,medicamentos_esenciales,2025-04-15,,,,2025-07-14,90,6200000,217000.0,6417000.0,1200.0,7700400000,0.0,0,38502000,808542000,231012000,8778456000,en_transito,Citibank N.A.,Medicamentos,
9,Fresenius Kabi AG,Alemania,Nutrición parenteral,medicamentos_generales,2025-05-05,,,,2025-08-04,90,3900000,136500.0,4036500.0,1200.0,4843800000,0.02,96876000,24219000,518770980,145314000,5628979980,en_transito,Citibank N.A.,Medicamentos,
10,Abbott Laboratories,EEUU,Dispositivos cardiología,equipamiento_medico,2025-05-20,,,,2025-07-21,60,2700000,94500.0,2794500.0,1200.0,3353400000,0.0,0,16767000,352107000,100602000,3822876000,en_transito,Banco BBVA Argentina S.A.,Medicamentos,
11,L'Oréal S.A.,Francia,Cosmética importada premium,cosmetica_importada,2025-06-01,,,,2025-07-01,30,1800000,63000.0,1863000.0,1200.0,2235600000,0.2,447120000,11178000,281685600,67068000,3042651600,en_transito,Banco Galicia y Buenos Aires S.A.,Cosmética,
12,Nestlé Health Science,Suiza,Nutrición clínica especializada,insumos_farmaceuticos,2025-06-15,,,,2025-08-14,60,2200000,77000.0,2277000.0,1200.0,2732400000,0.02,54648000,13662000,292640040,81972000,3175322040,en_transito,Banco BBVA Argentina S.A.,Medicamentos,
13,Medtronic plc,Irlanda,Equipamiento médico implantable,equipamiento_medico,2025-07-01,,,,2025-10-29,120,5400000,189000.0,5589000.0,1200.0,6706800000,0.0,0,33534000,704214000,201204000,7645752000,en_transito,Citibank N.A.,Medicamentos,
14,Teva Pharmaceutical,Israel,Genéricos pediátricos,medicamentos_generales,2025-07-15,,,,2025-10-13,90,3100000,108500.0,3208500.0,1200.0,3850200000,0.02,77004000,19251000,412356420,115506000,4474317420,en_transito,Banco Credicoop Cooperativo Limitado,Medicamentos,
15,Baxter International,EEUU,Fluidos y electrolitos,medicamentos_esenciales,2025-08-01,,,,2025-09-30,60,4500000,157500.0,4657500.0,1200.0,5589000000,0.0,0,27945000,586845000,167670000,6371460000,en_transito,Banco BBVA Argentina S.A.,Medicamentos,
16,Roche Diagnostics GmbH,Suiza,Kits diagnóstico PCR,medicamentos_esenciales,2025-08-15,,,,2025-11-13,90,3300000,115500.0,3415500.0,1200.0,4098600000,0.0,0,20493000,430353000,122958000,4672404000,en_transito,Citibank N.A.,Medicamentos,
17,Sandoz GmbH,Austria,Biosimilares importados,medicamentos_generales,2025-09-01,,,,2025-12-01,90,4100000,143500.0,4243500.0,1200.0,5092200000,0.02,101844000,25461000,545374620,152766000,5917645620,en_transito,Banco Credicoop Cooperativo Limitado,Medicamentos,
18,Fresenius Kabi AG,Alemania,Soluciones oncológicas,medicamentos_esenciales,2025-09-15,,,,2025-11-14,60,5800000,203000.0,6003000.0,1200.0,7203600000,0.0,0,36018000,756378000,216108000,8212104000,en_transito,Citibank N.A.,Medicamentos,
19,Pfizer Inc.,EEUU,Vacunas campaña invierno,medicamentos_esenciales,2025-10-01,,,,2025-12-01,60,7200000,252000.0,7452000.0,1200.0,8942400000,0.0,0,44712000,938952000,268272000,10194336000,en_transito,Citibank N.A.,Medicamentos,
20,Abbott Laboratories,EEUU,Insumos laboratorio clínico,dispositivos_medicos,2025-10-15,,,,2026-01-13,90,2900000,101500.0,3001500.0,1200.0,3601800000,0.06,216108000,18009000,400880340,108054000,4344851340,en_transito,Banco BBVA Argentina S.A.,Medicamentos,
21,MSD International,Irlanda,Oncológicos Q4,medicamentos_esenciales,2025-11-01,,,,2026-01-30,90,7800000,273000.0,8073000.0,1200.0,9687600000,0.0,0,48438000,1017198000,290628000,11043864000,en_transito,Citibank N.A.,Medicamentos,
22,B. Braun Melsungen,Alemania,Material quirúrgico fin de año,dispositivos_medicos,2025-11-15,,,,2026-01-14,60,3400000,119000.0,3519000.0,1200.0,4222800000,0.06,253368000,21114000,469997640,126684000,5093963640,en_transito,Banco Credicoop Cooperativo Limitado,Medicamentos,
23,Nestlé Health Science,Suiza,Stock fin de año nutrición,insumos_farmaceuticos,2025-12-01,,,,2025-12-31,30,2800000,98000.0,2898000.0,1200.0,3477600000,0.02,69552000,17388000,372450960,104328000,4041318960,en_transito,Banco BBVA Argentina S.A.,Medicamentos,
24,Fresenius Kabi AG,Alemania,Pedido extraordinario dic.,medicamentos_generales,2025-12-15,,,,2026-02-13,60,6100000,213500.0,6313500.0,1200.0,7576200000,0.02,151524000,37881000,811411020,227286000,8804302020,en_transito,Citibank N.A.,Medicamentos,
